Adams (Indy only);Adams;1950;1950
AFM;AFM 50 (M4);1952;1953
AFM;AFM 50 (M8);1952;1952
AFM;AFM 50 (M6);1952;1952
AFM;AFM 49;1952;1952
AFM;AFM 50 (M3);1952;1952
AFM;AFM 50 (M7);1953;1953
AFM;AFM 50 (Sport M2);1953;1953
AGS;AGS JH21C;1986;1986
AGS;AGS JH22;1987;1987
AGS;AGS JH23;1988;1988
AGS;AGS JH23B;1989;1989
AGS;AGS JH24;1989;1990
AGS;AGS JH25;1990;1991
AGS;AGS JH25B;1991;1991
AGS;AGS JH27;1991;1991
Aiden-Cooper;Aiden-Cooper T59 Special;1962;1962
Alfa Romeo;Alfa Romeo 158;1950;1950
Alfa Romeo;Alfa Romeo 159;1950;1951
Alfa Romeo;Alfa Romeo 159A;1951;1951
Alfa Romeo;Alfa Romeo 159B;1951;1951
Alfa Romeo;Alfa Romeo 159M;1951;1951
Alfa Romeo;Alfa Romeo 177;1979;1979
Alfa Romeo;Alfa Romeo 179;1979;1980
Alfa Romeo;Alfa Romeo 179C;1981;1981
Alfa Romeo;Alfa Romeo 179D;1981;1982
Alfa Romeo;Alfa Romeo 179B;1981;1981
Alfa Romeo;Alfa Romeo 182;1982;1982
Alfa Romeo;Alfa Romeo 182B;1982;1982
Alfa Romeo;Alfa Romeo 183T;1983;1983
Alfa Romeo;Alfa Romeo 184T;1984;1985
Alfa Romeo;Alfa Romeo 185T;1985;1985
Alta;Alta GP;1950;1951
Alta;Alta;1952;1952
Alta;Alta F2;1952;1952
Amon;Amon AF101;1974;1974
Andrea Moda;Andrea Moda S921;1992;1992
Apollon;Apollon FW03;1977;1977
Arrows;Arrows FA1;1978;1978
Arrows;Arrows A1;1978;1978
Arrows;Arrows A1B;1979;1979
Arrows;Arrows A2;1979;1979
Arrows;Arrows A3;1980;1982
Arrows;Arrows A4;1982;1982
Arrows;Arrows A5;1982;1982
Arrows;Arrows A6;1983;1984
Arrows;Arrows A7;1984;1984
Arrows;Arrows A8;1985;1986
Arrows;Arrows A9;1986;1986
Arrows;Arrows A10;1987;1988
Arrows;Arrows A10B;1988;1988
Arrows;Arrows A11;1989;1990
Arrows;Arrows A11B;1990;1990
Arrows;Arrows A18;1997;1997
Arrows;Arrows A19;1998;1998
Arrows;Arrows A20;1999;1999
Arrows;Arrows A21;2000;2000
Arrows;Arrows A22;2001;2001
Arrows;Arrows A23;2002;2002
Arzani-Volpini;Arzani-Volpini Special;1955;1955
Aston;Aston NB;1952;1952
Aston;Aston NB41;1952;1952
Aston Martin;Aston Martin DBR4/250;1959;1960
Aston Martin;Aston Martin DBR5/250;1960;1960
ATS;ATS HS1;1978;1978
ATS;ATS D1;1978;1978
ATS;ATS D2;1979;1979
ATS;ATS D3;1979;1980
ATS;ATS D4;1980;1981
ATS;ATS HGS;1981;1981
ATS;ATS HGS-2;1981;1981
ATS;ATS D5;1982;1982
ATS;ATS D6;1983;1983
ATS;ATS D7;1984;1984
ATS (Ita);ATS (Ita) 100;1963;1963
Balsa;Balsa BMW Eigenbau;1952;1952
BAR;BAR 01;1999;1999
BAR;BAR 002;2000;2000
BAR;BAR 003;2001;2001
BAR;BAR 004;2002;2002
BAR;BAR 005;2003;2003
BAR;BAR 006;2004;2004
BAR;BAR 007;2005;2005
Behra-Porsche;Behra-Porsche RSK;1959;1960
Bellasi;Bellasi F1;1970;1971
Benetton;Benetton B186;1986;1986
Benetton;Benetton B187;1987;1987
Benetton;Benetton B188;1988;1989
Benetton;Benetton B189;1989;1989
Benetton;Benetton B189B;1990;1990
Benetton;Benetton B190;1990;1990
Benetton;Benetton B190B;1991;1991
Benetton;Benetton B191;1991;1991
Benetton;Benetton B191B;1992;1992
Benetton;Benetton B192;1992;1992
Benetton;Benetton B193;1993;1993
Benetton;Benetton B193B;1993;1993
Benetton;Benetton B194;1994;1994
Benetton;Benetton B195;1995;1995
Benetton;Benetton B196;1996;1996
Benetton;Benetton B197;1997;1997
Benetton;Benetton B198;1998;1998
Benetton;Benetton B199;1999;1999
Benetton;Benetton B200;2000;2000
Benetton;Benetton B201;2001;2001
BMW;BMW F1.06;2006;2006
BMW;BMW F1.07;2007;2007
BMW;BMW F1.08;2008;2008
BMW;BMW F1.09;2009;2009
Boro;Boro 001 (N175);1976;1977
Brabham;Brabham BT3;1962;1965
Brabham;Brabham BT7;1963;1966
Brabham;Brabham BT6;1963;1963
Brabham;Brabham BT11;1964;1968
Brabham;Brabham BT10;1964;1965
Brabham;Brabham BT19;1966;1967
Brabham;Brabham BT22;1966;1966
Brabham;Brabham BT20;1966;1969
Brabham;Brabham BT24;1967;1969
Brabham;Brabham BT26;1968;1968
Brabham;Brabham BT26;1970;1970
Brabham;Brabham BT26A;1969;1969
Brabham;Brabham BT26A;1971;1971
Brabham;Brabham BT23B;1969;1969
Brabham;Brabham BT33;1970;1972
Brabham;Brabham BT34;1971;1972
Brabham;Brabham BT37;1972;1973
Brabham;Brabham BT42;1973;1974
Brabham;Brabham BT44;1974;1974
Brabham;Brabham BT44B;1975;1976
Brabham;Brabham BT45;1976;1977
Brabham;Brabham BT45B;1977;1977
Brabham;Brabham BT45C;1978;1978
Brabham;Brabham BT46;1978;1979
Brabham;Brabham BT46B;1978;1978
Brabham;Brabham BT48;1979;1979
Brabham;Brabham BT49;1979;1980
Brabham;Brabham BT49C;1981;1981
Brabham;Brabham BT50;1981;1982
Brabham;Brabham BT49D;1982;1982
Brabham;Brabham BT52;1983;1983
Brabham;Brabham BT52B;1983;1983
Brabham;Brabham BT53;1984;1984
Brabham;Brabham BT54;1985;1986
Brabham;Brabham BT55;1986;1986
Brabham;Brabham BT56;1987;1987
Brabham;Brabham BT58;1989;1990
Brabham;Brabham BT59;1990;1990
Brabham;Brabham BT59Y;1991;1991
Brabham;Brabham BT60Y;1991;1991
Brabham;Brabham BT60B;1992;1992
Brawn;Brawn BGP-001;2009;2009
BRM;BRM P15;1951;1951
BRM;BRM P25;1956;1960
BRM;BRM P48;1960;1960
BRM;BRM P48/57;1961;1962
BRM;BRM P57;1962;1965
BRM;BRM P61;1963;1963
BRM;BRM P261;1964;1967
BRM;BRM P67;1964;1964
BRM;BRM P83;1966;1967
BRM;BRM P115;1967;1968
BRM;BRM P126;1968;1969
BRM;BRM P133;1968;1969
BRM;BRM P138;1968;1969
BRM;BRM P261 Special;1968;1968
BRM;BRM P139;1969;1970
BRM;BRM P153;1970;1972
BRM;BRM P160;1971;1971
BRM;BRM P160B;1972;1972
BRM;BRM P180;1972;1972
BRM;BRM P153B;1972;1972
BRM;BRM P160C;1972;1973
BRM;BRM P160D;1973;1973
BRM;BRM P160E;1973;1974
BRM;BRM P201;1974;1975
BRM;BRM P201B;1976;1977
BRM;BRM P207;1977;1977
Bromme (Indy only);Bromme;1951;1954
BRP;BRP 1;1963;1964
BRP;BRP 2;1964;1964
Bugatti;Bugatti T251;1956;1956
Caterham;Caterham CT01;2012;2012
Caterham;Caterham CT03;2013;2013
Christensen (Indy only);Christensen;1959;1960
Cisitalia;Cisitalia D46;1952;1952
Coloni;Coloni FC-187;1987;1987
Coloni;Coloni FC-188;1988;1988
Coloni;Coloni FC-188B;1989;1989
Coloni;Coloni C3;1989;1989
Coloni;Coloni C3B;1990;1990
Coloni;Coloni C3C;1990;1990
Coloni;Coloni C4;1991;1991
Connaught;Connaught A;1952;1954
Connaught;Connaught B;1955;1958
Connaught;Connaught C;1959;1959
Connew;Connew PC1;1972;1972
Cooper;Cooper T12;1950;1950
Cooper;Cooper T20;1952;1953
Cooper;Cooper T23;1953;1954
Cooper;Cooper T23;1956;1956
Cooper;Cooper T24;1953;1954
Cooper;Cooper T40;1955;1955
Cooper;Cooper T43;1957;1960
Cooper;Cooper BG43;1957;1957
Cooper;Cooper T41;1957;1957
Cooper;Cooper T45;1958;1961
Cooper;Cooper T51;1959;1961
Cooper;Cooper T51;1963;1963
Cooper;Cooper T53;1960;1963
Cooper;Cooper T55;1961;1963
Cooper;Cooper T55;1965;1965
Cooper;Cooper T58;1961;1961
Cooper;Cooper T60;1962;1965
Cooper;Cooper T66;1963;1964
Cooper;Cooper T73;1964;1965
Cooper;Cooper T71/73;1964;1965
Cooper;Cooper T59;1965;1965
Cooper;Cooper T77;1965;1967
Cooper;Cooper T81;1966;1968
Cooper;Cooper T79;1967;1968
Cooper;Cooper T81B;1967;1968
Cooper;Cooper T86;1967;1968
Cooper;Cooper T82;1967;1967
Cooper;Cooper T86B;1968;1969
Dallara;Dallara 3087;1988;1988
Dallara;Dallara BMS-188;1988;1988
Dallara;Dallara BMS-189;1989;1989
Dallara;Dallara BMS-190;1990;1990
Dallara;Dallara BMS-191;1991;1991
Dallara;Dallara BMS-192;1992;1992
De Klerk;De Klerk Alfa Romeo Special;1963;1963
De Klerk;De Klerk Alfa Romeo Special;1965;1965
De Tomaso;De Tomaso F1 001;1961;1961
De Tomaso;De Tomaso F1 003;1961;1961
De Tomaso;De Tomaso 002;1961;1962
De Tomaso;De Tomaso F1 004;1961;1961
De Tomaso;De Tomaso 801;1962;1962
De Tomaso;De Tomaso F1;1963;1963
De Tomaso;De Tomaso 505-38;1970;1970
Deidt (Indy only);Deidt;1950;1952
Del Roy (Indy only);Del Roy;1953;1953
Derrington-Francis;Derrington-Francis;1964;1964
Dunn (Indy only);Dunn;1957;1959
Eagle;Eagle T1G;1966;1969
Eifelland;Eifelland 21;1972;1972
Elder (Indy only);Elder;1959;1959
Emeryson;Emeryson 56;1956;1956
Emeryson;Emeryson 1003;1961;1961
Emeryson;Emeryson P;1961;1961
Emeryson;Emeryson 1004;1962;1962
EMW;EMW R1/53;1953;1953
ENB;ENB 1962;1962;1962
Ensign;Ensign N173;1973;1974
Ensign;Ensign N174;1974;1976
Ensign;Ensign N175;1975;1975
Ensign;Ensign N175;1978;1978
Ensign;Ensign N176;1976;1976
Ensign;Ensign N177;1977;1979
Ensign;Ensign N179;1979;1979
Ensign;Ensign N180;1980;1980
Ensign;Ensign N180B;1981;1982
Ensign;Ensign N181;1982;1982
Epperly (Indy only);Epperly;1955;1955
Epperly (Indy only);Epperly;1957;1960
ERA;ERA E;1950;1950
ERA;ERA B;1950;1951
ERA;ERA A;1950;1950
ERA;ERA G;1952;1952
EuroBrun;EuroBrun ER-188;1988;1988
EuroBrun;EuroBrun ER-188B;1989;1989
EuroBrun;EuroBrun ER-189;1989;1989
EuroBrun;EuroBrun ER-189B;1990;1990
Ewing (Indy only);Ewing;1950;1950
Ewing (Indy only);Ewing;1960;1960
Ferguson;Ferguson P99;1961;1961
Ferrari;Ferrari 125;1950;1952
Ferrari;Ferrari 166F2-50;1950;1950
Ferrari;Ferrari 166F2-50;1952;1952
Ferrari;Ferrari 275;1950;1950
Ferrari;Ferrari 375;1950;1951
Ferrari;Ferrari 166T;1950;1950
Ferrari;Ferrari 212;1951;1952
Ferrari;Ferrari 375 Thinwall Special;1951;1951
Ferrari;Ferrari 500;1952;1957
Ferrari;Ferrari 375 Special;1952;1952
Ferrari;Ferrari 166C;1953;1953
Ferrari;Ferrari 553 Squalo;1953;1954
Ferrari;Ferrari 625;1954;1955
Ferrari;Ferrari 555 Supersqualo;1955;1956
Ferrari;Ferrari D50;1955;1957
Ferrari;Ferrari D50A;1957;1957
Ferrari;Ferrari 801;1957;1957
Ferrari;Ferrari 246;1958;1958
Ferrari;Ferrari Dino 156;1958;1959
Ferrari;Ferrari 256;1959;1960
Ferrari;Ferrari 246P;1960;1960
Ferrari;Ferrari 156P;1960;1960
Ferrari;Ferrari 156;1961;1962
Ferrari;Ferrari 156/63;1963;1963
Ferrari;Ferrari 156 Aero;1963;1964
Ferrari;Ferrari 158;1964;1965
Ferrari;Ferrari 1512;1964;1965
Ferrari;Ferrari 246T;1966;1966
Ferrari;Ferrari 312;1966;1968
Ferrari;Ferrari 312/69;1969;1969
Ferrari;Ferrari 312B;1970;1971
Ferrari;Ferrari 312B2;1971;1971
Ferrari;Ferrari 312B2;1973;1973
Ferrari;Ferrari 312B2-72;1972;1972
Ferrari;Ferrari 312B3;1973;1975
Ferrari;Ferrari 312T;1975;1976
Ferrari;Ferrari 312T2;1976;1978
Ferrari;Ferrari 312T3;1978;1979
Ferrari;Ferrari 312T4;1979;1979
Ferrari;Ferrari 312T4B;1979;1979
Ferrari;Ferrari 312T5;1980;1980
Ferrari;Ferrari 126C;1980;1980
Ferrari;Ferrari 126CK;1981;1981
Ferrari;Ferrari 126C2;1982;1982
Ferrari;Ferrari 126C2B;1983;1983
Ferrari;Ferrari 126C3;1983;1983
Ferrari;Ferrari 126C4;1984;1984
Ferrari;Ferrari 156/85;1985;1985
Ferrari;Ferrari F1-86;1986;1986
Ferrari;Ferrari F1-87;1987;1987
Ferrari;Ferrari F1-87/88C;1988;1988
Ferrari;Ferrari F1-89;1989;1989
Ferrari;Ferrari F1-90;1990;1990
Ferrari;Ferrari F1-90-2;1990;1990
Ferrari;Ferrari F1-91;1991;1991
Ferrari;Ferrari F1-91-2;1991;1991
Ferrari;Ferrari F92A;1992;1992
Ferrari;Ferrari F92AT;1992;1992
Ferrari;Ferrari F93A;1993;1993
Ferrari;Ferrari 412T1;1994;1994
Ferrari;Ferrari 412T1B;1994;1994
Ferrari;Ferrari 412T2;1995;1995
Ferrari;Ferrari F310;1996;1996
Ferrari;Ferrari F310B;1997;1997
Ferrari;Ferrari F300;1998;1998
Ferrari;Ferrari F399;1999;1999
Ferrari;Ferrari F1-2000;2000;2000
Ferrari;Ferrari F2001;2001;2002
Ferrari;Ferrari F2002;2002;2003
Ferrari;Ferrari F2003-GA;2003;2003
Ferrari;Ferrari F2004;2004;2004
Ferrari;Ferrari F2004M;2005;2005
Ferrari;Ferrari F2005;2005;2005
Ferrari;Ferrari 248 F1;2006;2006
Ferrari;Ferrari F2007;2007;2007
Ferrari;Ferrari F2008;2008;2008
Ferrari;Ferrari F60;2009;2009
Ferrari;Ferrari F10;2010;2010
Ferrari;Ferrari 150ยบ Italia;2011;2011
Ferrari;Ferrari F2012;2012;2012
Ferrari;Ferrari F138;2013;2013
Fittipaldi;Fittipaldi FD01;1975;1975
Fittipaldi;Fittipaldi FD02;1975;1975
Fittipaldi;Fittipaldi FD03;1975;1976
Fittipaldi;Fittipaldi FD04;1976;1977
Fittipaldi;Fittipaldi F5;1977;1977
Fittipaldi;Fittipaldi F5A;1978;1979
Fittipaldi;Fittipaldi F6;1979;1979
Fittipaldi;Fittipaldi F6A;1979;1979
Fittipaldi;Fittipaldi F7;1980;1980
Fittipaldi;Fittipaldi F8;1980;1980
Fittipaldi;Fittipaldi F8C;1981;1981
Fittipaldi;Fittipaldi F8D;1982;1982
Fittipaldi;Fittipaldi F9;1982;1982
Fondmetal;Fondmetal FA1ME;1991;1991
Fondmetal;Fondmetal F1;1991;1991
Fondmetal;Fondmetal GR01;1992;1992
Fondmetal;Fondmetal GR02;1992;1992
Footwork;Footwork A11C;1991;1991
Footwork;Footwork FA12;1991;1991
Footwork;Footwork FA12C;1991;1991
Footwork;Footwork FA13;1992;1992
Footwork;Footwork FA13B;1993;1993
Footwork;Footwork FA14;1993;1993
Footwork;Footwork FA15;1994;1994
Footwork;Footwork FA16;1995;1995
Footwork;Footwork FA17;1996;1996
Force India;Force India VJM-01;2008;2008
Force India;Force India VJM-02;2009;2009
Force India;Force India VJM03;2010;2010
Force India;Force India VJM04;2011;2011
Force India;Force India VJM05;2012;2012
Force India;Force India VJM06;2013;2013
Forti;Forti FG01;1995;1995
Forti;Forti FG01B;1996;1996
Forti;Forti FG03;1996;1996
Frazer-Nash;Frazer-Nash FN48;1952;1952
Frazer-Nash;Frazer-Nash 421;1952;1952
Fry;Fry F2;1959;1959
Gilby;Gilby 1961;1961;1961
Gilby;Gilby 1962;1962;1963
Gilby;Gilby;1963;1963
Gordini;Gordini T16;1952;1956
Gordini;Gordini T32;1955;1956
Greifzu;Greifzu BMW Eigenbau;1952;1952
Hall (Indy only);Hall;1951;1951
Heck;Heck BMW Eigenbau;1952;1953
Hesketh;Hesketh 308;1974;1974
Hesketh;Hesketh 308B;1975;1975
Hesketh;Hesketh 308C;1975;1975
Hesketh;Hesketh 308D;1976;1976
Hesketh;Hesketh 308E;1977;1978
Hill;Hill GH1;1975;1975
Hispania;Hispania F110;2010;2010
Hispania;Hispania F111;2011;2011
Hispania;Hispania F112;2012;2012
Honda;Honda RA271;1964;1964
Honda;Honda RA272;1965;1965
Honda;Honda RA273;1966;1967
Honda;Honda RA300;1967;1968
Honda;Honda RA301;1968;1968
Honda;Honda RA302;1968;1968
Honda;Honda RA106;2006;2006
Honda;Honda RA107;2007;2007
Honda;Honda RA108;2008;2008
HWM;HWM 51;1951;1952
HWM;HWM 52;1952;1952
HWM;HWM 53;1953;1955
Iso Marlboro;Iso Marlboro FX3B;1973;1973
Iso Marlboro;Iso Marlboro IR;1973;1973
Iso Marlboro;Iso Marlboro FW01;1974;1974
Iso Marlboro;Iso Marlboro FW02;1974;1974
Iso Marlboro;Iso Marlboro FW03;1974;1974
Jaguar;Jaguar R1;2000;2000
Jaguar;Jaguar R2;2001;2001
Jaguar;Jaguar R3;2002;2002
Jaguar;Jaguar R3B;2002;2002
Jaguar;Jaguar R4;2003;2003
Jaguar;Jaguar R5;2004;2004
Jaguar;Jaguar R5B;2004;2004
JBW;JBW Type 1;1959;1960
JBW;JBW Type 2;1961;1961
Jordan;Jordan 191;1991;1991
Jordan;Jordan 192;1992;1992
Jordan;Jordan 193;1993;1993
Jordan;Jordan 194;1994;1994
Jordan;Jordan 195;1995;1995
Jordan;Jordan 196;1996;1996
Jordan;Jordan 197;1997;1997
Jordan;Jordan 198;1998;1998
Jordan;Jordan 199;1999;1999
Jordan;Jordan EJ10;2000;2000
Jordan;Jordan EJ10B;2000;2000
Jordan;Jordan EJ11;2001;2001
Jordan;Jordan EJ12;2002;2002
Jordan;Jordan EJ13;2003;2003
Jordan;Jordan EJ14;2004;2004
Jordan;Jordan EJ15;2005;2005
Jordan;Jordan EJ15B;2005;2005
Kauhsen;Kauhsen WK;1979;1979
Klenk;Klenk Meteor;1954;1954
Kojima;Kojima KE007;1976;1976
Kojima;Kojima KE009;1977;1977
Krakau;Krakau BMW Eigenbau;1952;1952
Kurtis Kraft;Kurtis Kraft;1950;1960
Kurtis Kraft;Kurtis Kraft 2000;1950;1953
Kurtis Kraft;Kurtis Kraft 2000;1955;1955
Kurtis Kraft;Kurtis Kraft 3000;1950;1955
Kurtis Kraft;Kurtis Kraft 4000;1952;1956
Kurtis Kraft;Kurtis Kraft 500A;1952;1954
Kurtis Kraft;Kurtis Kraft 500A;1956;1956
Kurtis Kraft;Kurtis Kraft 500B;1953;1957
Kurtis Kraft;Kurtis Kraft 500C;1954;1960
Kurtis Kraft;Kurtis Kraft 500D;1955;1958
Kurtis Kraft;Kurtis Kraft 500E;1956;1956
Kurtis Kraft;Kurtis Kraft 500G;1957;1960
Kurtis Kraft;Kurtis Kraft 500G2;1958;1958
Kurtis Kraft;Kurtis Kraft Midget;1959;1959
Kuzma (Indy only);Kuzma;1951;1960
Lambo;Lambo 291;1991;1991
Lancia;Lancia D50;1954;1955
Langley (Indy only);Langley;1950;1950
Larrousse;Larrousse LH93;1993;1993
Larrousse;Larrousse LH94;1994;1994
LDS;LDS Mk2;1962;1963
LDS;LDS Mk2;1965;1965
LDS;LDS Mk1;1963;1963
LDS;LDS Mk1;1965;1965
LDS;LDS Mk3B;1967;1968
LEC;LEC CRP1;1977;1977
Lesovsky (Indy only);Lesovsky;1950;1953
Lesovsky (Indy only);Lesovsky;1956;1960
Leyton House;Leyton House CG901;1990;1990
Leyton House;Leyton House CG911;1991;1991
Life;Life F190;1990;1990
Ligier;Ligier JS5;1976;1976
Ligier;Ligier JS7;1977;1978
Ligier;Ligier JS7/9;1978;1978
Ligier;Ligier JS9;1978;1978
Ligier;Ligier JS11;1979;1979
Ligier;Ligier JS11/15;1980;1980
Ligier;Ligier JS17;1981;1981
Ligier;Ligier JS17B;1982;1982
Ligier;Ligier JS19;1982;1982
Ligier;Ligier JS21;1983;1983
Ligier;Ligier JS23;1984;1984
Ligier;Ligier JS23B;1984;1984
Ligier;Ligier JS25;1985;1985
Ligier;Ligier JS27;1986;1986
Ligier;Ligier JS29B;1987;1987
Ligier;Ligier JS29C;1987;1987
Ligier;Ligier JS31;1988;1988
Ligier;Ligier JS33;1989;1989
Ligier;Ligier JS33B;1990;1990
Ligier;Ligier JS33C;1990;1990
Ligier;Ligier JS35;1991;1991
Ligier;Ligier JS35B;1991;1991
Ligier;Ligier JS37;1992;1992
Ligier;Ligier JS39;1993;1993
Ligier;Ligier JS39B;1994;1994
Ligier;Ligier JS41;1995;1995
Ligier;Ligier JS43;1996;1996
Lola;Lola Mk 4;1962;1963
Lola;Lola Mk 4A;1963;1963
Lola;Lola T100;1967;1967
Lola;Lola T102;1968;1968
Lola;Lola T370;1974;1975
Lola;Lola THL-1;1985;1986
Lola;Lola THL-2;1986;1986
Lola;Lola LC87;1987;1987
Lola;Lola LC88;1988;1988
Lola;Lola LC88C;1989;1989
Lola;Lola LC89;1989;1989
Lola;Lola LC89B;1990;1990
Lola;Lola LC90;1990;1990
Lola;Lola LC91;1991;1991
Lola;Lola T93/30;1993;1993
Lola;Lola T97/30;1997;1997
Lotus;Lotus 12;1958;1959
Lotus;Lotus 16;1958;1960
Lotus;Lotus 18;1960;1963
Lotus;Lotus 21;1961;1963
Lotus;Lotus 21;1965;1965
Lotus;Lotus 18/21;1961;1963
Lotus;Lotus 18/21;1965;1965
Lotus;Lotus 25;1962;1967
Lotus;Lotus 24;1962;1965
Lotus;Lotus 22;1963;1963
Lotus;Lotus 22;1965;1965
Lotus;Lotus 33;1964;1967
Lotus;Lotus 20;1965;1965
Lotus;Lotus 43;1966;1967
Lotus;Lotus 49;1967;1970
Lotus;Lotus 49B;1968;1970
Lotus;Lotus 63;1969;1969
Lotus;Lotus 49C;1970;1970
Lotus;Lotus 72;1970;1970
Lotus;Lotus 72B;1970;1970
Lotus;Lotus 72C;1970;1971
Lotus;Lotus 72D;1971;1973
Lotus;Lotus 72D;1975;1975
Lotus;Lotus 56B;1971;1971
Lotus;Lotus 69 Special;1971;1971
Lotus;Lotus 72E;1973;1975
Lotus;Lotus 76;1974;1974
Lotus;Lotus 77;1976;1976
Lotus;Lotus 78;1977;1978
Lotus;Lotus 79;1978;1979
Lotus;Lotus 80;1979;1979
Lotus;Lotus 81;1980;1981
Lotus;Lotus 81B;1980;1980
Lotus;Lotus 87;1981;1981
Lotus;Lotus 87B;1982;1982
Lotus;Lotus 91;1982;1982
Lotus;Lotus 93T;1983;1983
Lotus;Lotus 92;1983;1983
Lotus;Lotus 94T;1983;1983
Lotus;Lotus 95T;1984;1984
Lotus;Lotus 97T;1985;1985
Lotus;Lotus 98T;1986;1986
Lotus;Lotus 99T;1987;1987
Lotus;Lotus 100T;1988;1988
Lotus;Lotus 101;1989;1989
Lotus;Lotus 102;1990;1990
Lotus;Lotus 102B;1991;1991
Lotus;Lotus 102D;1992;1992
Lotus;Lotus 107;1992;1992
Lotus;Lotus 107B;1993;1993
Lotus;Lotus 107C;1994;1994
Lotus;Lotus 109;1994;1994
Lotus;Lotus T127;2010;2010
Lotus;Lotus T128;2011;2011
Lotus;Lotus E20;2012;2012
Lotus;Lotus E21;2013;2013
Lyncar;Lyncar L006;1974;1975
Maki;Maki F101B;1974;1974
Maki;Maki F101C;1975;1975
Maki;Maki F102;1976;1976
March;March 701;1970;1971
March;March 711;1971;1972
March;March 721;1972;1972
March;March 721X;1972;1972
March;March 721G;1972;1973
March;March 731;1973;1974
March;March 741;1974;1975
March;March 751;1975;1975
March;March 761;1976;1977
March;March 761B;1977;1977
March;March 771;1977;1977
March;March 781S;1978;1978
March;March 811;1981;1981
March;March 821;1982;1982
March;March 87P;1987;1987
March;March 871;1987;1987
March;March 881;1988;1989
March;March CG891;1989;1989
March;March CG911;1992;1992
Marchese (Indy only);Marchese;1950;1951
Martini;Martini MK23;1978;1978
Marussia;Marussia MR01;2012;2012
Marussia;Marussia MR02;2013;2013
Maserati;Maserati 4CLT-48;1950;1952
Maserati;Maserati 4CL;1950;1951
Maserati;Maserati 4CLT-50;1950;1952
Maserati;Maserati 8CTF;1950;1951
Maserati;Maserati A6GCM;1952;1956
Maserati;Maserati A6GCM-53;1953;1953
Maserati;Maserati 250F;1954;1960
Matra;Matra MS7 F2;1967;1968
Matra;Matra MS9;1968;1968
Matra;Matra MS10;1968;1969
Matra;Matra MS11;1968;1968
Matra;Matra MS80;1969;1969
Matra;Matra MS84;1969;1969
Matra;Matra MS120;1970;1971
Matra;Matra MS120B;1971;1971
Matra;Matra MS120C;1972;1972
Matra;Matra MS120D;1972;1972
McGuire;McGuire BM1;1977;1977
McLaren;McLaren M2B;1966;1966
McLaren;McLaren M4B;1967;1967
McLaren;McLaren M5A;1967;1968
McLaren;McLaren M7A;1968;1969
McLaren;McLaren M7B;1969;1969
McLaren;McLaren M7C;1969;1971
McLaren;McLaren M9A;1969;1969
McLaren;McLaren M14A;1970;1971
McLaren;McLaren M7D;1970;1970
McLaren;McLaren M14D;1970;1970
McLaren;McLaren M19A;1971;1973
McLaren;McLaren M19C;1972;1973
McLaren;McLaren M23;1973;1978
McLaren;McLaren M26;1976;1979
McLaren;McLaren M28;1979;1979
McLaren;McLaren M28B;1979;1979
McLaren;McLaren M28C;1979;1979
McLaren;McLaren M29;1979;1979
McLaren;McLaren M29B;1980;1980
McLaren;McLaren M29C;1980;1981
McLaren;McLaren M30;1980;1980
McLaren;McLaren M29F;1981;1981
McLaren;McLaren MP4/1;1981;1981
McLaren;McLaren MP4/1B;1982;1982
McLaren;McLaren MP4/1C;1983;1983
McLaren;McLaren MP4/1E;1983;1983
McLaren;McLaren MP4/2;1984;1984
McLaren;McLaren MP4/2B;1985;1985
McLaren;McLaren MP4/2C;1986;1986
McLaren;McLaren MP4/3;1987;1987
McLaren;McLaren MP4/4;1988;1988
McLaren;McLaren MP4/5;1989;1989
McLaren;McLaren MP4/5B;1990;1990
McLaren;McLaren MP4/6;1991;1991
McLaren;McLaren MP4/6B;1992;1992
McLaren;McLaren MP4/7A;1992;1992
McLaren;McLaren MP4/8;1993;1993
McLaren;McLaren MP4/9;1994;1994
McLaren;McLaren MP4/10;1995;1995
McLaren;McLaren MP4/10B;1995;1995
McLaren;McLaren MP4/10C;1995;1995
McLaren;McLaren MP4/11;1996;1996
McLaren;McLaren MP4/12;1997;1997
McLaren;McLaren MP4/13;1998;1998
McLaren;McLaren MP4/14;1999;1999
McLaren;McLaren MP4/15;2000;2000
McLaren;McLaren MP4/16;2001;2001
McLaren;McLaren MP4/17;2002;2002
McLaren;McLaren MP4/17D;2003;2003
McLaren;McLaren MP4/18;2003;2003
McLaren;McLaren MP4/19;2004;2004
McLaren;McLaren MP4/19B;2004;2004
McLaren;McLaren MP4/20;2005;2005
McLaren;McLaren MP4/21;2006;2006
McLaren;McLaren MP4/22;2007;2007
McLaren;McLaren MP4/23;2008;2008
McLaren;McLaren MP4/24;2009;2009
McLaren;McLaren MP4/25;2010;2010
McLaren;McLaren MP4/26;2011;2011
McLaren;McLaren MP4/27;2012;2012
McLaren;McLaren MP4/28;2013;2013
Mercedes;Mercedes W196;1954;1955
Mercedes;Mercedes MGP W01;2010;2010
Mercedes;Mercedes MGP W02;2011;2011
Mercedes;Mercedes F1 W03;2012;2012
Mercedes;Mercedes F1 W04;2013;2013
Merzario;Merzario A1;1978;1978
Merzario;Merzario A1B;1979;1979
Merzario;Merzario A2;1979;1979
Merzario;Merzario A4;1979;1979
Meskowski (Indy only);Meskowski;1960;1960
Midland;Midland M16;2006;2006
Milano;Milano 1;1950;1950
Minardi;Minardi M185;1985;1985
Minardi;Minardi M185B;1986;1986
Minardi;Minardi M186;1986;1986
Minardi;Minardi M187;1987;1987
Minardi;Minardi M188;1988;1988
Minardi;Minardi M188B;1989;1989
Minardi;Minardi M189;1989;1990
Minardi;Minardi M190;1990;1990
Minardi;Minardi M191;1991;1991
Minardi;Minardi M191B;1992;1992
Minardi;Minardi M191L;1992;1992
Minardi;Minardi M192;1992;1992
Minardi;Minardi M193;1993;1993
Minardi;Minardi M193B;1994;1994
Minardi;Minardi M194;1994;1994
Minardi;Minardi M195;1995;1995
Minardi;Minardi M195B;1996;1996
Minardi;Minardi M197;1997;1997
Minardi;Minardi M198;1998;1998
Minardi;Minardi M01;1999;1999
Minardi;Minardi M02;2000;2000
Minardi;Minardi PS01;2001;2001
Minardi;Minardi PS01B;2001;2001
Minardi;Minardi PS02;2002;2002
Minardi;Minardi PS03;2003;2003
Minardi;Minardi PS04B;2004;2005
Minardi;Minardi PS05;2005;2005
Monteverdi;Monteverdi ORE-2;1990;1990
Moore (Indy only);Moore;1950;1951
Moore (Indy only);Moore;1959;1959
Nacke;Nacke BMW Eigenbau;1952;1952
Nichels (Indy only);Nichels;1950;1950
Nichels (Indy only);Nichels;1954;1954
Olson (Indy only);Olson;1950;1950
Onyx;Onyx ORE-1;1989;1990
Onyx;Onyx ORE-2;1990;1990
OSCA;OSCA 4500G;1951;1951
OSCA;OSCA 20;1952;1953
OSCA;OSCA F2/S;1958;1958
Osella;Osella FA1;1980;1980
Osella;Osella FA1B;1980;1981
Osella;Osella FA1C;1981;1982
Osella;Osella FA1D;1982;1983
Osella;Osella FA1E;1983;1984
Osella;Osella FA1F;1984;1986
Osella;Osella FA1G;1985;1987
Osella;Osella FA1H;1986;1986
Osella;Osella FA1I;1987;1988
Osella;Osella FA1L;1988;1988
Osella;Osella FA1M89;1989;1990
Osella;Osella FA1ME;1990;1990
Pacific;Pacific PR01;1994;1994
Pacific;Pacific PR02;1995;1995
Pankratz (Indy only);Pankratz;1954;1955
Parnelli;Parnelli VPJ4;1974;1975
Parnelli;Parnelli VPJ4B;1976;1976
Pawl (Indy only);Pawl;1951;1951
Pawl (Indy only);Pawl;1954;1955
Pearce;Pearce T73;1966;1966
Penske;Penske PC1;1974;1975
Penske;Penske PC3;1976;1976
Penske;Penske PC4;1976;1977
Phillips (Indy only);Phillips;1954;1960
Politoys;Politoys FX3;1972;1972
Porsche;Porsche 550RS;1957;1957
Porsche;Porsche 718 RSK;1958;1959
Porsche;Porsche 718/2;1959;1962
Porsche;Porsche 787;1961;1962
Porsche;Porsche 718;1961;1964
Porsche;Porsche 804;1962;1962
Prost;Prost JS45;1997;1997
Prost;Prost AP01;1998;1998
Prost;Prost AP02;1999;1999
Prost;Prost AP03;2000;2000
Prost;Prost AP04;2001;2001
Rae (Indy only);Rae;1950;1950
RAM;RAM 01;1983;1984
RAM;RAM 02;1984;1984
RAM;RAM 03;1985;1985
Rebaque;Rebaque HR100;1979;1979
Red Bull;Red Bull RB1;2005;2005
Red Bull;Red Bull RB2;2006;2006
Red Bull;Red Bull RB3;2007;2007
Red Bull;Red Bull RB4;2008;2008
Red Bull;Red Bull RB5;2009;2009
Red Bull;Red Bull RB6;2010;2010
Red Bull;Red Bull RB7;2011;2011
Red Bull;Red Bull RB8;2012;2012
Red Bull;Red Bull RB9;2013;2013
Reif;Reif BMW Eigenbau;1953;1953
Renault;Renault RS01;1977;1979
Renault;Renault RS10;1979;1979
Renault;Renault RE20;1980;1980
Renault;Renault RE20B;1981;1981
Renault;Renault RE30;1981;1981
Renault;Renault RE30B;1982;1982
Renault;Renault RE30C;1983;1983
Renault;Renault RE40;1983;1983
Renault;Renault RE50;1984;1984
Renault;Renault RE60;1985;1985
Renault;Renault RE60B;1985;1985
Renault;Renault R202;2002;2002
Renault;Renault R23;2003;2003
Renault;Renault R23B;2003;2003
Renault;Renault R24;2004;2004
Renault;Renault R25;2005;2005
Renault;Renault R26;2006;2006
Renault;Renault R27;2007;2007
Renault;Renault R28;2008;2008
Renault;Renault R29;2009;2009
Renault;Renault R30;2010;2010
Renault;Renault R31;2011;2011
Rial;Rial ARC-01;1988;1988
Rial;Rial ARC-02;1989;1989
Sauber;Sauber C12;1993;1993
Sauber;Sauber C13;1994;1994
Sauber;Sauber C14;1995;1995
Sauber;Sauber C15;1996;1996
Sauber;Sauber C16;1997;1997
Sauber;Sauber C17;1998;1998
Sauber;Sauber C18;1999;1999
Sauber;Sauber C19;2000;2000
Sauber;Sauber C20;2001;2001
Sauber;Sauber C21;2002;2002
Sauber;Sauber C22;2003;2003
Sauber;Sauber C23;2004;2004
Sauber;Sauber C24;2005;2005
Sauber;Sauber C29;2010;2010
Sauber;Sauber C30;2011;2011
Sauber;Sauber C31;2012;2012
Sauber;Sauber C32;2013;2013
Scarab;Scarab;1960;1960
Schroeder (Indy only);Schroeder;1951;1951
Schroeder (Indy only);Schroeder;1953;1955
Scirocco;Scirocco 01;1963;1963
Scirocco;Scirocco 02;1963;1964
Shadow;Shadow DN1;1973;1974
Shadow;Shadow DN3;1974;1974
Shadow;Shadow DN3B;1975;1976
Shadow;Shadow DN5;1975;1975
Shadow;Shadow DN7;1975;1975
Shadow;Shadow DN5B;1976;1977
Shadow;Shadow DN8;1976;1978
Shadow;Shadow DN9;1978;1979
Shadow;Shadow DN11;1980;1980
Shadow;Shadow DN12;1980;1980
Shannon;Shannon SH1;1966;1966
Sherman (Indy only);Sherman;1951;1952
Simca-Gordini;Simca-Gordini T15;1950;1953
Simca-Gordini;Simca-Gordini T11;1951;1952
Simtek;Simtek S941;1994;1994
Simtek;Simtek S951;1995;1995
Snowberger (Indy only);Snowberger;1950;1950
Spirit;Spirit 201C;1983;1983
Spirit;Spirit 101;1984;1984
Spirit;Spirit 101D;1985;1985
Spyker;Spyker F8-VII;2007;2007
Spyker;Spyker F8-VIIB;2007;2007
Stebro;Stebro Mk IV (FJ);1963;1963
Stevens (Indy only);Stevens;1950;1950
Stevens (Indy only);Stevens;1952;1956
Stewart;Stewart SF1;1997;1997
Stewart;Stewart SF2;1998;1998
Stewart;Stewart SF3;1999;1999
Super Aguri;Super Aguri SA05;2006;2006
Super Aguri;Super Aguri SA06;2006;2006
Super Aguri;Super Aguri SA07;2007;2007
Super Aguri;Super Aguri SA08;2008;2008
Surtees;Surtees TS7;1970;1971
Surtees;Surtees TS9;1971;1972
Surtees;Surtees TS9A;1971;1971
Surtees;Surtees TS9B;1972;1973
Surtees;Surtees TS14;1972;1972
Surtees;Surtees TS14A;1973;1973
Surtees;Surtees TS16;1974;1976
Surtees;Surtees TS19;1976;1978
Surtees;Surtees TS20;1978;1978
Sutton (Indy only);Sutton;1959;1959
Talbot-Lago;Talbot-Lago T26C-DA;1950;1951
Talbot-Lago;Talbot-Lago T26C;1950;1951
Talbot-Lago;Talbot-Lago T26C-GS;1950;1951
Tec-Mec;Tec-Mec F415;1959;1959
Tecno;Tecno PA123;1972;1972
Tecno;Tecno PA123B;1973;1973
Tecno;Tecno E731;1973;1973
Theodore;Theodore TR1;1978;1978
Theodore;Theodore TY01;1981;1982
Theodore;Theodore TY02;1982;1982
Theodore;Theodore N183;1983;1983
Token;Token RJ02;1974;1974
Toleman;Toleman TG181;1981;1981
Toleman;Toleman TG181C;1982;1982
Toleman;Toleman TG181B;1982;1982
Toleman;Toleman TG183;1982;1982
Toleman;Toleman TG183B;1983;1984
Toleman;Toleman TG184;1984;1984
Toleman;Toleman TG185;1985;1985
Toro Rosso;Toro Rosso STR01;2006;2006
Toro Rosso;Toro Rosso STR02;2007;2007
Toro Rosso;Toro Rosso STR02B;2008;2008
Toro Rosso;Toro Rosso STR03;2008;2008
Toro Rosso;Toro Rosso STR04;2009;2009
Toro Rosso;Toro Rosso STR5;2010;2010
Toro Rosso;Toro Rosso STR6;2011;2011
Toro Rosso;Toro Rosso STR7;2012;2012
Toro Rosso;Toro Rosso STR8;2013;2013
Toyota;Toyota TF102;2002;2002
Toyota;Toyota TF103;2003;2003
Toyota;Toyota TF104;2004;2004
Toyota;Toyota TF104B;2004;2004
Toyota;Toyota TF105;2005;2005
Toyota;Toyota TF105B;2005;2005
Toyota;Toyota TF106;2006;2006
Toyota;Toyota TF106B;2006;2006
Toyota;Toyota TF107;2007;2007
Toyota;Toyota TF108;2008;2008
Toyota;Toyota TF109;2009;2009
Trevis (Indy only);Trevis;1951;1952
Trevis (Indy only);Trevis;1955;1955
Trevis (Indy only);Trevis;1960;1960
Trojan;Trojan T103;1974;1974
Turner (Indy only);Turner;1953;1953
Tyrrell;Tyrrell 001;1970;1971
Tyrrell;Tyrrell 002;1971;1972
Tyrrell;Tyrrell 003;1971;1972
Tyrrell;Tyrrell 004;1972;1974
Tyrrell;Tyrrell 005;1972;1974
Tyrrell;Tyrrell 006;1972;1974
Tyrrell;Tyrrell 007;1974;1977
Tyrrell;Tyrrell P34;1976;1977
Tyrrell;Tyrrell 008;1978;1978
Tyrrell;Tyrrell 009;1979;1980
Tyrrell;Tyrrell 010;1980;1981
Tyrrell;Tyrrell 011;1981;1983
Tyrrell;Tyrrell 012;1983;1985
Tyrrell;Tyrrell 014;1985;1986
Tyrrell;Tyrrell 015;1986;1986
Tyrrell;Tyrrell DG016;1987;1987
Tyrrell;Tyrrell 017;1988;1988
Tyrrell;Tyrrell 017B;1989;1989
Tyrrell;Tyrrell 018;1989;1990
Tyrrell;Tyrrell 019;1990;1990
Tyrrell;Tyrrell 020;1991;1991
Tyrrell;Tyrrell 020B;1992;1992
Tyrrell;Tyrrell 020C;1993;1993
Tyrrell;Tyrrell 021;1993;1993
Tyrrell;Tyrrell 022;1994;1994
Tyrrell;Tyrrell 023;1995;1995
Tyrrell;Tyrrell 024;1996;1996
Tyrrell;Tyrrell 025;1997;1997
Tyrrell;Tyrrell 026;1998;1998
Vanwall;Vanwall Special;1954;1954
Vanwall;Vanwall 55;1955;1955
Vanwall;Vanwall 56;1956;1956
Vanwall;Vanwall 57;1957;1958
Vanwall;Vanwall 59;1959;1959
Vanwall;Vanwall VW11;1960;1960
Venturi;Venturi LC92;1992;1992
Veritas;Veritas Meteor;1951;1953
Veritas;Veritas RS;1952;1953
Virgin;Virgin VR-01;2010;2010
Virgin;Virgin MVR-02;2011;2011
Watson (Indy only);Watson;1950;1953
Watson (Indy only);Watson;1956;1960
Wetteroth (Indy only);Wetteroth;1950;1950
Williams;Williams FW01;1975;1975
Williams;Williams FW02;1975;1975
Williams;Williams FW03;1975;1975
Williams;Williams FW04;1975;1976
Williams;Williams FW06;1978;1979
Williams;Williams FW07;1979;1981
Williams;Williams FW07B;1980;1980
Williams;Williams FW07C;1981;1982
Williams;Williams FW07D;1981;1982
Williams;Williams FW08;1982;1982
Williams;Williams FW08C;1983;1983
Williams;Williams FW09;1983;1984
Williams;Williams FW09B;1984;1984
Williams;Williams FW10;1985;1985
Williams;Williams FW11;1986;1986
Williams;Williams FW11B;1987;1987
Williams;Williams FW12;1988;1988
Williams;Williams FW12C;1989;1989
Williams;Williams FW13;1989;1989
Williams;Williams FW13B;1990;1990
Williams;Williams FW14;1991;1991
Williams;Williams FW14B;1992;1992
Williams;Williams FW15C;1993;1993
Williams;Williams FW16;1994;1994
Williams;Williams FW16B;1994;1994
Williams;Williams FW17;1995;1995
Williams;Williams FW17B;1995;1995
Williams;Williams FW18;1996;1996
Williams;Williams FW19;1997;1997
Williams;Williams FW20;1998;1998
Williams;Williams FW21;1999;1999
Williams;Williams FW22;2000;2000
Williams;Williams FW23;2001;2001
Williams;Williams FW24;2002;2002
Williams;Williams FW25;2003;2003
Williams;Williams FW26;2004;2004
Williams;Williams FW27;2005;2005
Williams;Williams FW28;2006;2006
Williams;Williams FW29;2007;2007
Williams;Williams FW30;2008;2008
Williams;Williams FW31;2009;2009
Williams;Williams FW32;2010;2010
Williams;Williams FW33;2011;2011
Williams;Williams FW34;2012;2012
Williams;Williams FW35;2013;2013
Wolf;Wolf WR1;1977;1978
Wolf;Wolf WR2;1977;1977
Wolf;Wolf WR3;1977;1978
Wolf;Wolf WR5;1978;1978
Wolf;Wolf WR6;1978;1978
Wolf;Wolf WR4;1978;1978
Wolf;Wolf WR7;1979;1979
Wolf;Wolf WR8;1979;1979
Wolf;Wolf WR9;1979;1979
Wolf-Williams;Wolf-Williams FW05;1976;1976
Zakspeed;Zakspeed 841;1985;1985
Zakspeed;Zakspeed 861;1986;1987
Zakspeed;Zakspeed 861B;1987;1987
Zakspeed;Zakspeed 871;1987;1987
Zakspeed;Zakspeed 881;1988;1988
Zakspeed;Zakspeed 881B;1988;1988
Zakspeed;Zakspeed 891;1989;1989
